{
  "Abide with me.mp4": {
    "mtime": 1748760388.8531454,
    "size": 1291401749,
    "hash": "71183e321b4b143c9eb82709f1cf1f72"
  },
  "to god be the glory.mp4": {
    "mtime": 1748174320.6134984,
    "size": 898161294,
    "hash": "a058a936afa0c6dade19977b7bf560ec"
  }
}